text,label
SWIGGY PAYMENT 20350,food
KFC PAYMENT 6256,food
KFC PAYMENT 14467,food
MCD PAYMENT 22856,food
ZOMATO PAYMENT 17659,food
MCD PAYMENT 4709,food
STARBUCKS PAYMENT 3056,food
KFC PAYMENT 2723,food
EATSURE PAYMENT 14109,food
BIRYANI BLUES PAYMENT 24193,food
EATSURE PAYMENT 18469,food
ZOMATO PAYMENT 20367,food
STARBUCKS PAYMENT 16361,food
MCD PAYMENT 6716,food
SWIGGY PAYMENT 2879,food
BIRYANI BLUES PAYMENT 955,food
EATSURE PAYMENT 13310,food
BIRYANI BLUES PAYMENT 22974,food
DOMINOS PAYMENT 12613,food
EATSURE PAYMENT 18984,food
STARBUCKS PAYMENT 14100,food
ZOMATO PAYMENT 4102,food
STARBUCKS PAYMENT 7823,food
MCD PAYMENT 20065,food
MCD PAYMENT 16843,food
DOMINOS PAYMENT 3149,food
SWIGGY PAYMENT 12493,food
EATSURE PAYMENT 22410,food
CCD PAYMENT 18644,food
SWIGGY PAYMENT 17366,food
SWIGGY PAYMENT 9192,food
MCD PAYMENT 24927,food
SWIGGY PAYMENT 19330,food
STARBUCKS PAYMENT 9200,food
STARBUCKS PAYMENT 1532,food
KFC PAYMENT 19156,food
KFC PAYMENT 23265,food
BIRYANI BLUES PAYMENT 17741,food
KFC PAYMENT 6455,food
CCD PAYMENT 13605,food
BIRYANI BLUES PAYMENT 18777,food
ZOMATO PAYMENT 19784,food
CCD PAYMENT 24007,food
BIRYANI BLUES PAYMENT 12032,food
SWIGGY PAYMENT 17282,food
DOMINOS PAYMENT 22756,food
EATSURE PAYMENT 24772,food
SWIGGY PAYMENT 20467,food
SWIGGY PAYMENT 22438,food
EATSURE PAYMENT 5277,food
ZOMATO PAYMENT 20364,food
SWIGGY PAYMENT 17498,food
EATSURE PAYMENT 11352,food
CCD PAYMENT 23578,food
CCD PAYMENT 7810,food
CCD PAYMENT 21371,food
ZOMATO PAYMENT 23894,food
EATSURE PAYMENT 14031,food
STARBUCKS PAYMENT 9775,food
BIRYANI BLUES PAYMENT 20784,food
KFC PAYMENT 2879,food
DOMINOS PAYMENT 2914,food
STARBUCKS PAYMENT 19223,food
MCD PAYMENT 17202,food
MCD PAYMENT 542,food
BIRYANI BLUES PAYMENT 22079,food
STARBUCKS PAYMENT 10361,food
MCD PAYMENT 17610,food
EATSURE PAYMENT 18366,food
CCD PAYMENT 12134,food
STARBUCKS PAYMENT 3632,food
MCD PAYMENT 20376,food
KFC PAYMENT 22786,food
DOMINOS PAYMENT 7057,food
KFC PAYMENT 11885,food
CCD PAYMENT 19832,food
KFC PAYMENT 14935,food
DOMINOS PAYMENT 3910,food
STARBUCKS PAYMENT 19965,food
CCD PAYMENT 3565,food
KFC PAYMENT 12625,food
DOMINOS PAYMENT 8979,food
DOMINOS PAYMENT 5476,food
SWIGGY PAYMENT 19170,food
ZOMATO PAYMENT 13485,food
BIRYANI BLUES PAYMENT 21610,food
KFC PAYMENT 11285,food
CCD PAYMENT 14013,food
ZOMATO PAYMENT 7883,food
BIRYANI BLUES PAYMENT 2968,food
MCD PAYMENT 5176,food
EATSURE PAYMENT 2763,food
EATSURE PAYMENT 23054,food
EATSURE PAYMENT 24413,food
SWIGGY PAYMENT 24734,food
STARBUCKS PAYMENT 9047,food
DOMINOS PAYMENT 21026,food
BIRYANI BLUES PAYMENT 22238,food
BIRYANI BLUES PAYMENT 20234,food
DOMINOS PAYMENT 21154,food
DOMINOS PAYMENT 14686,food
DOMINOS PAYMENT 1393,food
BIRYANI BLUES PAYMENT 2865,food
SWIGGY PAYMENT 2777,food
SWIGGY PAYMENT 10864,food
DOMINOS PAYMENT 20427,food
EATSURE PAYMENT 4020,food
EATSURE PAYMENT 4751,food
MCD PAYMENT 18506,food
BIRYANI BLUES PAYMENT 4788,food
STARBUCKS PAYMENT 20366,food
DOMINOS PAYMENT 12775,food
DOMINOS PAYMENT 16847,food
EATSURE PAYMENT 9017,food
SWIGGY PAYMENT 10831,food
MCD PAYMENT 22780,food
SWIGGY PAYMENT 10063,food
CCD PAYMENT 8956,food
BIRYANI BLUES PAYMENT 13857,food
ZOMATO PAYMENT 23065,food
DOMINOS PAYMENT 24374,food
KFC PAYMENT 4968,food
EATSURE PAYMENT 20676,food
EATSURE PAYMENT 17782,food
MCD PAYMENT 645,food
SWIGGY PAYMENT 15672,food
CCD PAYMENT 18021,food
CCD PAYMENT 6111,food
SWIGGY PAYMENT 71,food
SWIGGY PAYMENT 10727,food
ZOMATO PAYMENT 23095,food
CCD PAYMENT 10779,food
CCD PAYMENT 5516,food
MCD PAYMENT 19166,food
MCD PAYMENT 2578,food
EATSURE PAYMENT 8395,food
DOMINOS PAYMENT 4492,food
KFC PAYMENT 20668,food
MCD PAYMENT 2835,food
DOMINOS PAYMENT 15457,food
CCD PAYMENT 8561,food
DOMINOS PAYMENT 8631,food
EATSURE PAYMENT 13281,food
STARBUCKS PAYMENT 5267,food
KFC PAYMENT 493,food
STARBUCKS PAYMENT 23490,food
ZOMATO PAYMENT 16588,food
MCD PAYMENT 14769,food
BIRYANI BLUES PAYMENT 15362,food
EATSURE PAYMENT 22173,food
INDIGO PAYMENT 16306,travel
INDIGO PAYMENT 18452,travel
AIR INDIA PAYMENT 4732,travel
OLA PAYMENT 11842,travel
RAPIDO PAYMENT 3148,travel
OLA PAYMENT 7306,travel
UBER PAYMENT 577,travel
IRCTC PAYMENT 19483,travel
RAPIDO PAYMENT 21492,travel
GOIBIBO PAYMENT 382,travel
INDIGO PAYMENT 20138,travel
OLA PAYMENT 20064,travel
UBER PAYMENT 18291,travel
INDIGO PAYMENT 4777,travel
VISTARA PAYMENT 24997,travel
GOIBIBO PAYMENT 1500,travel
INDIGO PAYMENT 2843,travel
VISTARA PAYMENT 4197,travel
INDIGO PAYMENT 19101,travel
RAPIDO PAYMENT 14587,travel
UBER PAYMENT 14094,travel
INDIGO PAYMENT 17805,travel
RAPIDO PAYMENT 11199,travel
INDIGO PAYMENT 19490,travel
IRCTC PAYMENT 12340,travel
INDIGO PAYMENT 18717,travel
GOIBIBO PAYMENT 1825,travel
GOIBIBO PAYMENT 19357,travel
UBER PAYMENT 22083,travel
UBER PAYMENT 1384,travel
UBER PAYMENT 6927,travel
IRCTC PAYMENT 6797,travel
OLA PAYMENT 9236,travel
INDIGO PAYMENT 15458,travel
INDIGO PAYMENT 17601,travel
UBER PAYMENT 2647,travel
AIR INDIA PAYMENT 14764,travel
VISTARA PAYMENT 5473,travel
IRCTC PAYMENT 14809,travel
GOIBIBO PAYMENT 23305,travel
VISTARA PAYMENT 16301,travel
INDIGO PAYMENT 3949,travel
UBER PAYMENT 6103,travel
GOIBIBO PAYMENT 21973,travel
VISTARA PAYMENT 21033,travel
RAPIDO PAYMENT 24201,travel
RAPIDO PAYMENT 19963,travel
AIR INDIA PAYMENT 429,travel
IRCTC PAYMENT 11940,travel
INDIGO PAYMENT 24819,travel
IRCTC PAYMENT 1359,travel
INDIGO PAYMENT 14691,travel
GOIBIBO PAYMENT 19827,travel
GOIBIBO PAYMENT 12447,travel
GOIBIBO PAYMENT 17223,travel
GOIBIBO PAYMENT 6184,travel
RAPIDO PAYMENT 9297,travel
INDIGO PAYMENT 19526,travel
VISTARA PAYMENT 5023,travel
INDIGO PAYMENT 8642,travel
OLA PAYMENT 16162,travel
INDIGO PAYMENT 20135,travel
UBER PAYMENT 7803,travel
INDIGO PAYMENT 1935,travel
OLA PAYMENT 16982,travel
IRCTC PAYMENT 11433,travel
GOIBIBO PAYMENT 1945,travel
GOIBIBO PAYMENT 6019,travel
RAPIDO PAYMENT 17009,travel
GOIBIBO PAYMENT 16475,travel
AIR INDIA PAYMENT 18734,travel
UBER PAYMENT 8650,travel
OLA PAYMENT 2678,travel
INDIGO PAYMENT 7138,travel
IRCTC PAYMENT 17714,travel
UBER PAYMENT 23737,travel
INDIGO PAYMENT 9624,travel
AIR INDIA PAYMENT 1507,travel
VISTARA PAYMENT 2879,travel
AIR INDIA PAYMENT 6261,travel
OLA PAYMENT 5920,travel
IRCTC PAYMENT 13891,travel
AIR INDIA PAYMENT 18164,travel
VISTARA PAYMENT 5672,travel
INDIGO PAYMENT 887,travel
VISTARA PAYMENT 2825,travel
VISTARA PAYMENT 3097,travel
RAPIDO PAYMENT 20598,travel
AIR INDIA PAYMENT 14225,travel
OLA PAYMENT 5102,travel
RAPIDO PAYMENT 21673,travel
IRCTC PAYMENT 4835,travel
GOIBIBO PAYMENT 4810,travel
INDIGO PAYMENT 6862,travel
RAPIDO PAYMENT 16554,travel
GOIBIBO PAYMENT 18318,travel
GOIBIBO PAYMENT 15664,travel
UBER PAYMENT 18979,travel
RAPIDO PAYMENT 16118,travel
UBER PAYMENT 9298,travel
UBER PAYMENT 3339,travel
UBER PAYMENT 18785,travel
UBER PAYMENT 9764,travel
RAPIDO PAYMENT 18925,travel
UBER PAYMENT 17768,travel
GOIBIBO PAYMENT 4323,travel
INDIGO PAYMENT 23716,travel
UBER PAYMENT 15225,travel
GOIBIBO PAYMENT 18296,travel
OLA PAYMENT 11989,travel
UBER PAYMENT 5586,travel
AIR INDIA PAYMENT 22328,travel
OLA PAYMENT 21621,travel
RAPIDO PAYMENT 135,travel
VISTARA PAYMENT 7890,travel
IRCTC PAYMENT 21509,travel
VISTARA PAYMENT 7050,travel
VISTARA PAYMENT 1918,travel
VISTARA PAYMENT 15880,travel
AIR INDIA PAYMENT 1465,travel
IRCTC PAYMENT 4309,travel
GOIBIBO PAYMENT 11728,travel
OLA PAYMENT 8450,travel
INDIGO PAYMENT 15383,travel
VISTARA PAYMENT 14609,travel
VISTARA PAYMENT 12841,travel
IRCTC PAYMENT 19116,travel
AIR INDIA PAYMENT 15816,travel
INDIGO PAYMENT 875,travel
RAPIDO PAYMENT 15960,travel
VISTARA PAYMENT 10684,travel
INDIGO PAYMENT 12494,travel
VISTARA PAYMENT 14024,travel
OLA PAYMENT 18327,travel
GOIBIBO PAYMENT 21712,travel
UBER PAYMENT 15361,travel
UBER PAYMENT 4230,travel
AIR INDIA PAYMENT 23182,travel
INDIGO PAYMENT 8442,travel
GOIBIBO PAYMENT 10027,travel
UBER PAYMENT 14779,travel
UBER PAYMENT 15188,travel
VISTARA PAYMENT 2744,travel
OLA PAYMENT 12779,travel
RAPIDO PAYMENT 21690,travel
IRCTC PAYMENT 13642,travel
INDIGO PAYMENT 15592,travel
IRCTC PAYMENT 22241,travel
INDIGO PAYMENT 3545,travel
UBER PAYMENT 3029,travel
MYNTRA PAYMENT 21237,shopping
TATA CLIQ PAYMENT 1338,shopping
TATA CLIQ PAYMENT 12049,shopping
AJIO PAYMENT 8965,shopping
NYKAA PAYMENT 13387,shopping
FLIPKART PAYMENT 11039,shopping
DECATHLON PAYMENT 5992,shopping
AMAZON PAYMENT 11971,shopping
AMAZON PAYMENT 1506,shopping
AMAZON PAYMENT 947,shopping
AJIO PAYMENT 10947,shopping
AMAZON PAYMENT 6394,shopping
AMAZON PAYMENT 2975,shopping
AJIO PAYMENT 21748,shopping
FLIPKART PAYMENT 3340,shopping
AJIO PAYMENT 6809,shopping
TATA CLIQ PAYMENT 24659,shopping
DECATHLON PAYMENT 22077,shopping
TATA CLIQ PAYMENT 7510,shopping
AMAZON PAYMENT 7486,shopping
AJIO PAYMENT 15583,shopping
MYNTRA PAYMENT 16775,shopping
DECATHLON PAYMENT 20101,shopping
MYNTRA PAYMENT 8908,shopping
TATA CLIQ PAYMENT 16037,shopping
FLIPKART PAYMENT 16421,shopping
FLIPKART PAYMENT 22910,shopping
DECATHLON PAYMENT 7547,shopping
MYNTRA PAYMENT 13522,shopping
TATA CLIQ PAYMENT 15238,shopping
AJIO PAYMENT 15912,shopping
NYKAA PAYMENT 18302,shopping
DECATHLON PAYMENT 19902,shopping
DECATHLON PAYMENT 16776,shopping
AJIO PAYMENT 13696,shopping
FLIPKART PAYMENT 14463,shopping
FLIPKART PAYMENT 9940,shopping
NYKAA PAYMENT 14841,shopping
FLIPKART PAYMENT 24753,shopping
AJIO PAYMENT 19823,shopping
AJIO PAYMENT 11599,shopping
TATA CLIQ PAYMENT 1531,shopping
FLIPKART PAYMENT 15873,shopping
NYKAA PAYMENT 13109,shopping
AMAZON PAYMENT 15209,shopping
FLIPKART PAYMENT 20882,shopping
FLIPKART PAYMENT 22488,shopping
AJIO PAYMENT 7344,shopping
AMAZON PAYMENT 15091,shopping
MYNTRA PAYMENT 15982,shopping
TATA CLIQ PAYMENT 23508,shopping
AMAZON PAYMENT 11997,shopping
FLIPKART PAYMENT 19322,shopping
NYKAA PAYMENT 784,shopping
DECATHLON PAYMENT 23787,shopping
AMAZON PAYMENT 9428,shopping
NYKAA PAYMENT 3229,shopping
AJIO PAYMENT 2015,shopping
AJIO PAYMENT 18563,shopping
TATA CLIQ PAYMENT 20267,shopping
AMAZON PAYMENT 12552,shopping
FLIPKART PAYMENT 18818,shopping
AMAZON PAYMENT 23061,shopping
DECATHLON PAYMENT 10423,shopping
AMAZON PAYMENT 3718,shopping
AJIO PAYMENT 24446,shopping
TATA CLIQ PAYMENT 23619,shopping
MYNTRA PAYMENT 16564,shopping
NYKAA PAYMENT 11401,shopping
NYKAA PAYMENT 16255,shopping
MYNTRA PAYMENT 16403,shopping
MYNTRA PAYMENT 23001,shopping
FLIPKART PAYMENT 10685,shopping
AMAZON PAYMENT 1974,shopping
MYNTRA PAYMENT 13921,shopping
TATA CLIQ PAYMENT 16499,shopping
FLIPKART PAYMENT 1546,shopping
MYNTRA PAYMENT 7616,shopping
DECATHLON PAYMENT 7649,shopping
AMAZON PAYMENT 22184,shopping
AJIO PAYMENT 15618,shopping
NYKAA PAYMENT 12001,shopping
DECATHLON PAYMENT 9909,shopping
DECATHLON PAYMENT 17755,shopping
NYKAA PAYMENT 3168,shopping
AJIO PAYMENT 17902,shopping
FLIPKART PAYMENT 8797,shopping
DECATHLON PAYMENT 23357,shopping
TATA CLIQ PAYMENT 18780,shopping
TATA CLIQ PAYMENT 10817,shopping
AMAZON PAYMENT 19427,shopping
AMAZON PAYMENT 8834,shopping
DECATHLON PAYMENT 143,shopping
NYKAA PAYMENT 7599,shopping
TATA CLIQ PAYMENT 7526,shopping
AJIO PAYMENT 24766,shopping
NYKAA PAYMENT 1572,shopping
AMAZON PAYMENT 7416,shopping
AMAZON PAYMENT 24320,shopping
FLIPKART PAYMENT 2613,shopping
FLIPKART PAYMENT 6466,shopping
TATA CLIQ PAYMENT 7302,shopping
NYKAA PAYMENT 11454,shopping
DECATHLON PAYMENT 24822,shopping
NYKAA PAYMENT 8286,shopping
AMAZON PAYMENT 1823,shopping
AMAZON PAYMENT 19715,shopping
DECATHLON PAYMENT 7767,shopping
FLIPKART PAYMENT 5455,shopping
MYNTRA PAYMENT 9439,shopping
NYKAA PAYMENT 19233,shopping
MYNTRA PAYMENT 19720,shopping
AMAZON PAYMENT 1723,shopping
DECATHLON PAYMENT 16151,shopping
DECATHLON PAYMENT 6233,shopping
AJIO PAYMENT 8662,shopping
FLIPKART PAYMENT 20407,shopping
AJIO PAYMENT 797,shopping
AMAZON PAYMENT 3056,shopping
AMAZON PAYMENT 18739,shopping
FLIPKART PAYMENT 14991,shopping
NYKAA PAYMENT 23790,shopping
NYKAA PAYMENT 11709,shopping
MYNTRA PAYMENT 13315,shopping
TATA CLIQ PAYMENT 23639,shopping
DECATHLON PAYMENT 534,shopping
AMAZON PAYMENT 17175,shopping
FLIPKART PAYMENT 19015,shopping
MYNTRA PAYMENT 20699,shopping
NYKAA PAYMENT 1617,shopping
DECATHLON PAYMENT 23244,shopping
AMAZON PAYMENT 13048,shopping
AJIO PAYMENT 11678,shopping
AJIO PAYMENT 7825,shopping
TATA CLIQ PAYMENT 21266,shopping
FLIPKART PAYMENT 16868,shopping
TATA CLIQ PAYMENT 16497,shopping
TATA CLIQ PAYMENT 6609,shopping
TATA CLIQ PAYMENT 12125,shopping
TATA CLIQ PAYMENT 773,shopping
TATA CLIQ PAYMENT 4869,shopping
DECATHLON PAYMENT 18453,shopping
DECATHLON PAYMENT 11200,shopping
FLIPKART PAYMENT 4835,shopping
MYNTRA PAYMENT 14613,shopping
TATA CLIQ PAYMENT 23221,shopping
MYNTRA PAYMENT 2927,shopping
NYKAA PAYMENT 23447,shopping
FLIPKART PAYMENT 19842,shopping
DECATHLON PAYMENT 12810,shopping
INDIAN OIL PAYMENT 15602,fuel
BP PETROL PAYMENT 22034,fuel
HP PETROL PAYMENT 14463,fuel
INDIAN OIL PAYMENT 6288,fuel
BHARAT PETROLEUM PAYMENT 22033,fuel
INDIAN OIL PAYMENT 16951,fuel
HP PETROL PAYMENT 10157,fuel
BHARAT PETROLEUM PAYMENT 11241,fuel
BHARAT PETROLEUM PAYMENT 15343,fuel
BHARAT PETROLEUM PAYMENT 12205,fuel
HP PETROL PAYMENT 14543,fuel
SHELL PAYMENT 10782,fuel
HP PETROL PAYMENT 13130,fuel
SHELL PAYMENT 7473,fuel
INDIAN OIL PAYMENT 4490,fuel
INDIAN OIL PAYMENT 12930,fuel
HP PETROL PAYMENT 3169,fuel
SHELL PAYMENT 4758,fuel
INDIAN OIL PAYMENT 8959,fuel
BHARAT PETROLEUM PAYMENT 9117,fuel
SHELL PAYMENT 11453,fuel
INDIAN OIL PAYMENT 19186,fuel
INDIAN OIL PAYMENT 4786,fuel
BP PETROL PAYMENT 11143,fuel
SHELL PAYMENT 17309,fuel
BHARAT PETROLEUM PAYMENT 4564,fuel
INDIAN OIL PAYMENT 24686,fuel
SHELL PAYMENT 23231,fuel
SHELL PAYMENT 2957,fuel
HP PETROL PAYMENT 11508,fuel
BHARAT PETROLEUM PAYMENT 14830,fuel
BP PETROL PAYMENT 11906,fuel
INDIAN OIL PAYMENT 8476,fuel
SHELL PAYMENT 4125,fuel
SHELL PAYMENT 7313,fuel
BHARAT PETROLEUM PAYMENT 4166,fuel
SHELL PAYMENT 21545,fuel
BP PETROL PAYMENT 21514,fuel
INDIAN OIL PAYMENT 21799,fuel
BP PETROL PAYMENT 10588,fuel
SHELL PAYMENT 8103,fuel
BP PETROL PAYMENT 4431,fuel
BHARAT PETROLEUM PAYMENT 9713,fuel
SHELL PAYMENT 19086,fuel
HP PETROL PAYMENT 18923,fuel
BP PETROL PAYMENT 9700,fuel
BHARAT PETROLEUM PAYMENT 13633,fuel
HP PETROL PAYMENT 15753,fuel
BHARAT PETROLEUM PAYMENT 22568,fuel
INDIAN OIL PAYMENT 16298,fuel
INDIAN OIL PAYMENT 6483,fuel
HP PETROL PAYMENT 228,fuel
BP PETROL PAYMENT 2598,fuel
INDIAN OIL PAYMENT 9855,fuel
BP PETROL PAYMENT 12462,fuel
HP PETROL PAYMENT 4238,fuel
SHELL PAYMENT 1389,fuel
INDIAN OIL PAYMENT 2630,fuel
SHELL PAYMENT 4696,fuel
HP PETROL PAYMENT 12510,fuel
BP PETROL PAYMENT 16013,fuel
BP PETROL PAYMENT 1632,fuel
BP PETROL PAYMENT 24766,fuel
HP PETROL PAYMENT 1520,fuel
INDIAN OIL PAYMENT 5462,fuel
BHARAT PETROLEUM PAYMENT 2593,fuel
BP PETROL PAYMENT 8059,fuel
HP PETROL PAYMENT 17978,fuel
SHELL PAYMENT 3469,fuel
HP PETROL PAYMENT 17346,fuel
INDIAN OIL PAYMENT 21616,fuel
BP PETROL PAYMENT 21553,fuel
BHARAT PETROLEUM PAYMENT 2080,fuel
SHELL PAYMENT 19820,fuel
BP PETROL PAYMENT 10471,fuel
BP PETROL PAYMENT 6862,fuel
SHELL PAYMENT 22522,fuel
BP PETROL PAYMENT 5737,fuel
BP PETROL PAYMENT 14123,fuel
BHARAT PETROLEUM PAYMENT 21305,fuel
SHELL PAYMENT 6263,fuel
SHELL PAYMENT 15628,fuel
BHARAT PETROLEUM PAYMENT 11637,fuel
BHARAT PETROLEUM PAYMENT 5077,fuel
HP PETROL PAYMENT 10221,fuel
SHELL PAYMENT 837,fuel
INDIAN OIL PAYMENT 2063,fuel
BP PETROL PAYMENT 20048,fuel
BP PETROL PAYMENT 15247,fuel
BHARAT PETROLEUM PAYMENT 22997,fuel
HP PETROL PAYMENT 8362,fuel
SHELL PAYMENT 19259,fuel
BP PETROL PAYMENT 9191,fuel
INDIAN OIL PAYMENT 17072,fuel
INDIAN OIL PAYMENT 21828,fuel
INDIAN OIL PAYMENT 3414,fuel
INDIAN OIL PAYMENT 22211,fuel
BHARAT PETROLEUM PAYMENT 5005,fuel
INDIAN OIL PAYMENT 11877,fuel
BP PETROL PAYMENT 8551,fuel
SHELL PAYMENT 21558,fuel
SHELL PAYMENT 16601,fuel
BHARAT PETROLEUM PAYMENT 15963,fuel
SHELL PAYMENT 22329,fuel
INDIAN OIL PAYMENT 21148,fuel
HP PETROL PAYMENT 3351,fuel
BHARAT PETROLEUM PAYMENT 3078,fuel
BHARAT PETROLEUM PAYMENT 6574,fuel
SHELL PAYMENT 450,fuel
BP PETROL PAYMENT 12112,fuel
BP PETROL PAYMENT 7368,fuel
BP PETROL PAYMENT 12633,fuel
BP PETROL PAYMENT 6454,fuel
BHARAT PETROLEUM PAYMENT 22411,fuel
BP PETROL PAYMENT 4412,fuel
HP PETROL PAYMENT 2729,fuel
BP PETROL PAYMENT 7769,fuel
BP PETROL PAYMENT 5544,fuel
BP PETROL PAYMENT 23958,fuel
BP PETROL PAYMENT 7523,fuel
SHELL PAYMENT 17294,fuel
BP PETROL PAYMENT 7032,fuel
BP PETROL PAYMENT 18001,fuel
BP PETROL PAYMENT 23614,fuel
INDIAN OIL PAYMENT 23677,fuel
BP PETROL PAYMENT 9159,fuel
BHARAT PETROLEUM PAYMENT 21859,fuel
BHARAT PETROLEUM PAYMENT 7399,fuel
BHARAT PETROLEUM PAYMENT 15908,fuel
HP PETROL PAYMENT 20105,fuel
BP PETROL PAYMENT 16479,fuel
SHELL PAYMENT 17554,fuel
BP PETROL PAYMENT 17897,fuel
HP PETROL PAYMENT 12658,fuel
BHARAT PETROLEUM PAYMENT 19375,fuel
INDIAN OIL PAYMENT 19362,fuel
BP PETROL PAYMENT 3837,fuel
HP PETROL PAYMENT 23924,fuel
INDIAN OIL PAYMENT 9398,fuel
BP PETROL PAYMENT 7713,fuel
HP PETROL PAYMENT 6224,fuel
BHARAT PETROLEUM PAYMENT 9556,fuel
BHARAT PETROLEUM PAYMENT 17951,fuel
HP PETROL PAYMENT 17789,fuel
BHARAT PETROLEUM PAYMENT 6999,fuel
SHELL PAYMENT 7471,fuel
INDIAN OIL PAYMENT 9048,fuel
SHELL PAYMENT 19345,fuel
BHARAT PETROLEUM PAYMENT 16840,fuel
HP PETROL PAYMENT 15783,fuel
1MG PAYMENT 14564,health
FORTIS PAYMENT 9391,health
APOLLO PHARMACY PAYMENT 7482,health
PHARMEASY PAYMENT 21301,health
FORTIS PAYMENT 135,health
AIIMS PAYMENT 20333,health
APOLLO PHARMACY PAYMENT 18536,health
APOLLO PHARMACY PAYMENT 19158,health
AIIMS PAYMENT 24815,health
FORTIS PAYMENT 1558,health
PHARMEASY PAYMENT 12138,health
FORTIS PAYMENT 18958,health
MAX HEALTHCARE PAYMENT 7306,health
APOLLO PHARMACY PAYMENT 12611,health
PHARMEASY PAYMENT 21779,health
1MG PAYMENT 11215,health
MEDLIFE PAYMENT 23749,health
MAX HEALTHCARE PAYMENT 12833,health
APOLLO PHARMACY PAYMENT 433,health
1MG PAYMENT 10544,health
MAX HEALTHCARE PAYMENT 23782,health
MAX HEALTHCARE PAYMENT 11752,health
AIIMS PAYMENT 22435,health
PHARMEASY PAYMENT 3588,health
MEDLIFE PAYMENT 18231,health
MAX HEALTHCARE PAYMENT 8405,health
AIIMS PAYMENT 19962,health
PHARMEASY PAYMENT 4442,health
MAX HEALTHCARE PAYMENT 19306,health
MAX HEALTHCARE PAYMENT 18174,health
1MG PAYMENT 7410,health
AIIMS PAYMENT 12837,health
1MG PAYMENT 11633,health
AIIMS PAYMENT 4097,health
PHARMEASY PAYMENT 17717,health
FORTIS PAYMENT 17810,health
PHARMEASY PAYMENT 14100,health
AIIMS PAYMENT 4028,health
FORTIS PAYMENT 6277,health
FORTIS PAYMENT 18364,health
APOLLO PHARMACY PAYMENT 12013,health
1MG PAYMENT 16789,health
MEDLIFE PAYMENT 4724,health
MAX HEALTHCARE PAYMENT 10866,health
MAX HEALTHCARE PAYMENT 6706,health
MEDLIFE PAYMENT 15263,health
FORTIS PAYMENT 2401,health
MAX HEALTHCARE PAYMENT 20145,health
FORTIS PAYMENT 3165,health
MAX HEALTHCARE PAYMENT 13068,health
1MG PAYMENT 7929,health
APOLLO PHARMACY PAYMENT 3719,health
1MG PAYMENT 6677,health
AIIMS PAYMENT 7507,health
1MG PAYMENT 18899,health
MEDLIFE PAYMENT 5672,health
MAX HEALTHCARE PAYMENT 24315,health
FORTIS PAYMENT 229,health
APOLLO PHARMACY PAYMENT 9925,health
AIIMS PAYMENT 10246,health
MEDLIFE PAYMENT 17172,health
MEDLIFE PAYMENT 4403,health
AIIMS PAYMENT 21616,health
MEDLIFE PAYMENT 1738,health
1MG PAYMENT 3724,health
FORTIS PAYMENT 8438,health
MAX HEALTHCARE PAYMENT 16182,health
1MG PAYMENT 24864,health
AIIMS PAYMENT 13100,health
PHARMEASY PAYMENT 3462,health
AIIMS PAYMENT 11859,health
1MG PAYMENT 2304,health
APOLLO PHARMACY PAYMENT 226,health
MAX HEALTHCARE PAYMENT 16005,health
PHARMEASY PAYMENT 16643,health
MAX HEALTHCARE PAYMENT 22015,health
AIIMS PAYMENT 11573,health
APOLLO PHARMACY PAYMENT 12897,health
1MG PAYMENT 23061,health
1MG PAYMENT 11207,health
AIIMS PAYMENT 6391,health
MEDLIFE PAYMENT 16661,health
AIIMS PAYMENT 23449,health
APOLLO PHARMACY PAYMENT 17746,health
APOLLO PHARMACY PAYMENT 13804,health
1MG PAYMENT 1015,health
1MG PAYMENT 16906,health
FORTIS PAYMENT 24146,health
APOLLO PHARMACY PAYMENT 512,health
1MG PAYMENT 17903,health
PHARMEASY PAYMENT 1810,health
PHARMEASY PAYMENT 17100,health
1MG PAYMENT 2574,health
AIIMS PAYMENT 9905,health
MAX HEALTHCARE PAYMENT 20481,health
1MG PAYMENT 3743,health
MAX HEALTHCARE PAYMENT 20584,health
MAX HEALTHCARE PAYMENT 9797,health
MEDLIFE PAYMENT 6375,health
MEDLIFE PAYMENT 21673,health
MAX HEALTHCARE PAYMENT 12380,health
AIIMS PAYMENT 15733,health
APOLLO PHARMACY PAYMENT 24567,health
MAX HEALTHCARE PAYMENT 8959,health
AIIMS PAYMENT 15437,health
MEDLIFE PAYMENT 15488,health
MEDLIFE PAYMENT 14869,health
MAX HEALTHCARE PAYMENT 4995,health
FORTIS PAYMENT 3426,health
APOLLO PHARMACY PAYMENT 19477,health
AIIMS PAYMENT 13678,health
FORTIS PAYMENT 16058,health
MEDLIFE PAYMENT 13536,health
APOLLO PHARMACY PAYMENT 5868,health
MAX HEALTHCARE PAYMENT 19646,health
PHARMEASY PAYMENT 22718,health
APOLLO PHARMACY PAYMENT 20351,health
FORTIS PAYMENT 24187,health
PHARMEASY PAYMENT 11229,health
FORTIS PAYMENT 508,health
MEDLIFE PAYMENT 3277,health
FORTIS PAYMENT 18531,health
1MG PAYMENT 279,health
PHARMEASY PAYMENT 14691,health
FORTIS PAYMENT 13734,health
PHARMEASY PAYMENT 13424,health
PHARMEASY PAYMENT 9484,health
PHARMEASY PAYMENT 20064,health
AIIMS PAYMENT 3838,health
FORTIS PAYMENT 7343,health
1MG PAYMENT 2376,health
MAX HEALTHCARE PAYMENT 17921,health
AIIMS PAYMENT 18803,health
APOLLO PHARMACY PAYMENT 19871,health
1MG PAYMENT 10281,health
APOLLO PHARMACY PAYMENT 24020,health
PHARMEASY PAYMENT 18504,health
MEDLIFE PAYMENT 10829,health
MAX HEALTHCARE PAYMENT 6863,health
MEDLIFE PAYMENT 10376,health
FORTIS PAYMENT 15164,health
PHARMEASY PAYMENT 23776,health
APOLLO PHARMACY PAYMENT 20848,health
MEDLIFE PAYMENT 5778,health
PHARMEASY PAYMENT 1542,health
MAX HEALTHCARE PAYMENT 15183,health
FORTIS PAYMENT 14453,health
APOLLO PHARMACY PAYMENT 22221,health
1MG PAYMENT 842,health
FORTIS PAYMENT 7985,health
DMART PAYMENT 3245,groceries
DMART PAYMENT 22559,groceries
SPENCERS PAYMENT 18401,groceries
JIO MART PAYMENT 18221,groceries
JIO MART PAYMENT 5672,groceries
RELIANCE FRESH PAYMENT 21591,groceries
DMART PAYMENT 16522,groceries
RELIANCE FRESH PAYMENT 17881,groceries
BIG BAZAAR PAYMENT 910,groceries
DMART PAYMENT 7301,groceries
JIO MART PAYMENT 15908,groceries
DMART PAYMENT 21568,groceries
SPENCERS PAYMENT 19824,groceries
MORE SUPERMARKET PAYMENT 3948,groceries
MORE SUPERMARKET PAYMENT 17068,groceries
SPENCERS PAYMENT 22242,groceries
JIO MART PAYMENT 17593,groceries
RELIANCE FRESH PAYMENT 13467,groceries
DMART PAYMENT 268,groceries
JIO MART PAYMENT 12069,groceries
JIO MART PAYMENT 21715,groceries
DMART PAYMENT 2379,groceries
DMART PAYMENT 22081,groceries
RELIANCE FRESH PAYMENT 15087,groceries
RELIANCE FRESH PAYMENT 17374,groceries
BIG BAZAAR PAYMENT 432,groceries
DMART PAYMENT 20210,groceries
BIG BAZAAR PAYMENT 2051,groceries
MORE SUPERMARKET PAYMENT 10523,groceries
SPENCERS PAYMENT 16480,groceries
JIO MART PAYMENT 2375,groceries
DMART PAYMENT 19774,groceries
RELIANCE FRESH PAYMENT 15061,groceries
RELIANCE FRESH PAYMENT 20983,groceries
BIG BAZAAR PAYMENT 269,groceries
DMART PAYMENT 7545,groceries
SPENCERS PAYMENT 16166,groceries
RELIANCE FRESH PAYMENT 5939,groceries
MORE SUPERMARKET PAYMENT 20371,groceries
RELIANCE FRESH PAYMENT 466,groceries
MORE SUPERMARKET PAYMENT 9043,groceries
DMART PAYMENT 5951,groceries
DMART PAYMENT 11514,groceries
BIG BAZAAR PAYMENT 13622,groceries
BIG BAZAAR PAYMENT 8504,groceries
MORE SUPERMARKET PAYMENT 7953,groceries
SPENCERS PAYMENT 13985,groceries
BIG BAZAAR PAYMENT 347,groceries
SPENCERS PAYMENT 9216,groceries
RELIANCE FRESH PAYMENT 6604,groceries
BIG BAZAAR PAYMENT 17225,groceries
SPENCERS PAYMENT 11842,groceries
SPENCERS PAYMENT 13091,groceries
SPENCERS PAYMENT 24949,groceries
DMART PAYMENT 6768,groceries
DMART PAYMENT 2026,groceries
DMART PAYMENT 8153,groceries
BIG BAZAAR PAYMENT 16402,groceries
SPENCERS PAYMENT 10520,groceries
BIG BAZAAR PAYMENT 13842,groceries
BIG BAZAAR PAYMENT 6768,groceries
JIO MART PAYMENT 2667,groceries
RELIANCE FRESH PAYMENT 4792,groceries
SPENCERS PAYMENT 19277,groceries
MORE SUPERMARKET PAYMENT 20509,groceries
MORE SUPERMARKET PAYMENT 4792,groceries
JIO MART PAYMENT 23849,groceries
RELIANCE FRESH PAYMENT 11953,groceries
MORE SUPERMARKET PAYMENT 10277,groceries
JIO MART PAYMENT 1377,groceries
RELIANCE FRESH PAYMENT 1685,groceries
SPENCERS PAYMENT 4278,groceries
BIG BAZAAR PAYMENT 11306,groceries
RELIANCE FRESH PAYMENT 5302,groceries
RELIANCE FRESH PAYMENT 21863,groceries
DMART PAYMENT 1303,groceries
BIG BAZAAR PAYMENT 7867,groceries
DMART PAYMENT 10111,groceries
RELIANCE FRESH PAYMENT 14160,groceries
DMART PAYMENT 19807,groceries
BIG BAZAAR PAYMENT 18794,groceries
SPENCERS PAYMENT 19395,groceries
SPENCERS PAYMENT 14066,groceries
BIG BAZAAR PAYMENT 10676,groceries
SPENCERS PAYMENT 11779,groceries
BIG BAZAAR PAYMENT 20621,groceries
RELIANCE FRESH PAYMENT 11938,groceries
BIG BAZAAR PAYMENT 17155,groceries
SPENCERS PAYMENT 201,groceries
SPENCERS PAYMENT 15859,groceries
MORE SUPERMARKET PAYMENT 13293,groceries
RELIANCE FRESH PAYMENT 12329,groceries
JIO MART PAYMENT 24184,groceries
JIO MART PAYMENT 18339,groceries
RELIANCE FRESH PAYMENT 21666,groceries
DMART PAYMENT 574,groceries
DMART PAYMENT 11559,groceries
RELIANCE FRESH PAYMENT 9970,groceries
JIO MART PAYMENT 24264,groceries
BIG BAZAAR PAYMENT 1524,groceries
RELIANCE FRESH PAYMENT 11909,groceries
JIO MART PAYMENT 12271,groceries
SPENCERS PAYMENT 9711,groceries
JIO MART PAYMENT 2699,groceries
SPENCERS PAYMENT 1239,groceries
JIO MART PAYMENT 12390,groceries
RELIANCE FRESH PAYMENT 23074,groceries
BIG BAZAAR PAYMENT 5035,groceries
SPENCERS PAYMENT 15596,groceries
MORE SUPERMARKET PAYMENT 24809,groceries
BIG BAZAAR PAYMENT 6874,groceries
DMART PAYMENT 18950,groceries
JIO MART PAYMENT 187,groceries
MORE SUPERMARKET PAYMENT 4206,groceries
RELIANCE FRESH PAYMENT 23012,groceries
RELIANCE FRESH PAYMENT 14294,groceries
JIO MART PAYMENT 1752,groceries
BIG BAZAAR PAYMENT 14435,groceries
BIG BAZAAR PAYMENT 15985,groceries
BIG BAZAAR PAYMENT 5539,groceries
DMART PAYMENT 5058,groceries
BIG BAZAAR PAYMENT 294,groceries
MORE SUPERMARKET PAYMENT 8946,groceries
DMART PAYMENT 20884,groceries
DMART PAYMENT 8026,groceries
BIG BAZAAR PAYMENT 20924,groceries
BIG BAZAAR PAYMENT 23938,groceries
SPENCERS PAYMENT 5492,groceries
BIG BAZAAR PAYMENT 7292,groceries
MORE SUPERMARKET PAYMENT 81,groceries
SPENCERS PAYMENT 17793,groceries
BIG BAZAAR PAYMENT 23228,groceries
JIO MART PAYMENT 402,groceries
MORE SUPERMARKET PAYMENT 6153,groceries
RELIANCE FRESH PAYMENT 7457,groceries
MORE SUPERMARKET PAYMENT 17671,groceries
JIO MART PAYMENT 10253,groceries
SPENCERS PAYMENT 14531,groceries
MORE SUPERMARKET PAYMENT 7073,groceries
MORE SUPERMARKET PAYMENT 10790,groceries
DMART PAYMENT 15155,groceries
MORE SUPERMARKET PAYMENT 9845,groceries
MORE SUPERMARKET PAYMENT 11099,groceries
SPENCERS PAYMENT 21620,groceries
DMART PAYMENT 3261,groceries
JIO MART PAYMENT 17654,groceries
SPENCERS PAYMENT 16697,groceries
RELIANCE FRESH PAYMENT 5279,groceries
SPENCERS PAYMENT 4634,groceries
DMART PAYMENT 22400,groceries
JIO RECHARGE PAYMENT 19404,bills
WATER BILL PAYMENT 22046,bills
AIRTEL BILL PAYMENT 24158,bills
WATER BILL PAYMENT 18983,bills
JIO RECHARGE PAYMENT 2915,bills
GAS BILL MGL PAYMENT 10587,bills
WATER BILL PAYMENT 9438,bills
GAS BILL MGL PAYMENT 20913,bills
BSNL PAYMENT PAYMENT 24592,bills
ELECTRICITY BILL PAYMENT 7432,bills
WATER BILL PAYMENT 16442,bills
ELECTRICITY BILL PAYMENT 10800,bills
ELECTRICITY BILL PAYMENT 5820,bills
GAS BILL MGL PAYMENT 3497,bills
GAS BILL MGL PAYMENT 493,bills
WATER BILL PAYMENT 16793,bills
JIO RECHARGE PAYMENT 18824,bills
WATER BILL PAYMENT 13957,bills
ELECTRICITY BILL PAYMENT 18544,bills
JIO RECHARGE PAYMENT 20519,bills
ELECTRICITY BILL PAYMENT 150,bills
JIO RECHARGE PAYMENT 15157,bills
WATER BILL PAYMENT 19117,bills
BSNL PAYMENT PAYMENT 14486,bills
ELECTRICITY BILL PAYMENT 16961,bills
GAS BILL MGL PAYMENT 6589,bills
JIO RECHARGE PAYMENT 10988,bills
ELECTRICITY BILL PAYMENT 5488,bills
GAS BILL MGL PAYMENT 3861,bills
AIRTEL BILL PAYMENT 2039,bills
WATER BILL PAYMENT 24109,bills
AIRTEL BILL PAYMENT 5186,bills
BSNL PAYMENT PAYMENT 24181,bills
WATER BILL PAYMENT 1392,bills
GAS BILL MGL PAYMENT 22853,bills
GAS BILL MGL PAYMENT 23757,bills
WATER BILL PAYMENT 10715,bills
AIRTEL BILL PAYMENT 8145,bills
ELECTRICITY BILL PAYMENT 7463,bills
AIRTEL BILL PAYMENT 19870,bills
BSNL PAYMENT PAYMENT 21664,bills
JIO RECHARGE PAYMENT 8349,bills
WATER BILL PAYMENT 4473,bills
AIRTEL BILL PAYMENT 1981,bills
BSNL PAYMENT PAYMENT 17193,bills
WATER BILL PAYMENT 17938,bills
JIO RECHARGE PAYMENT 21939,bills
BSNL PAYMENT PAYMENT 16621,bills
ELECTRICITY BILL PAYMENT 7204,bills
AIRTEL BILL PAYMENT 24483,bills
WATER BILL PAYMENT 24804,bills
BSNL PAYMENT PAYMENT 9841,bills
BSNL PAYMENT PAYMENT 24458,bills
ELECTRICITY BILL PAYMENT 21778,bills
BSNL PAYMENT PAYMENT 19597,bills
JIO RECHARGE PAYMENT 19744,bills
GAS BILL MGL PAYMENT 12310,bills
JIO RECHARGE PAYMENT 12744,bills
GAS BILL MGL PAYMENT 1254,bills
GAS BILL MGL PAYMENT 23140,bills
JIO RECHARGE PAYMENT 2499,bills
WATER BILL PAYMENT 1559,bills
AIRTEL BILL PAYMENT 3610,bills
AIRTEL BILL PAYMENT 8242,bills
ELECTRICITY BILL PAYMENT 18947,bills
AIRTEL BILL PAYMENT 3451,bills
GAS BILL MGL PAYMENT 2073,bills
GAS BILL MGL PAYMENT 14379,bills
BSNL PAYMENT PAYMENT 19349,bills
WATER BILL PAYMENT 23117,bills
ELECTRICITY BILL PAYMENT 8829,bills
ELECTRICITY BILL PAYMENT 1499,bills
AIRTEL BILL PAYMENT 17090,bills
JIO RECHARGE PAYMENT 3150,bills
JIO RECHARGE PAYMENT 20401,bills
BSNL PAYMENT PAYMENT 6418,bills
WATER BILL PAYMENT 17499,bills
AIRTEL BILL PAYMENT 918,bills
BSNL PAYMENT PAYMENT 9401,bills
BSNL PAYMENT PAYMENT 10030,bills
WATER BILL PAYMENT 19436,bills
ELECTRICITY BILL PAYMENT 7724,bills
AIRTEL BILL PAYMENT 17995,bills
JIO RECHARGE PAYMENT 4147,bills
WATER BILL PAYMENT 14273,bills
AIRTEL BILL PAYMENT 9803,bills
BSNL PAYMENT PAYMENT 10279,bills
GAS BILL MGL PAYMENT 13852,bills
ELECTRICITY BILL PAYMENT 16208,bills
ELECTRICITY BILL PAYMENT 23116,bills
GAS BILL MGL PAYMENT 16817,bills
WATER BILL PAYMENT 2346,bills
AIRTEL BILL PAYMENT 19156,bills
WATER BILL PAYMENT 10632,bills
WATER BILL PAYMENT 18559,bills
JIO RECHARGE PAYMENT 6490,bills
BSNL PAYMENT PAYMENT 8286,bills
JIO RECHARGE PAYMENT 11650,bills
JIO RECHARGE PAYMENT 17996,bills
WATER BILL PAYMENT 10676,bills
ELECTRICITY BILL PAYMENT 21153,bills
ELECTRICITY BILL PAYMENT 13878,bills
BSNL PAYMENT PAYMENT 16067,bills
GAS BILL MGL PAYMENT 10026,bills
JIO RECHARGE PAYMENT 14675,bills
BSNL PAYMENT PAYMENT 9425,bills
JIO RECHARGE PAYMENT 7740,bills
AIRTEL BILL PAYMENT 5510,bills
ELECTRICITY BILL PAYMENT 12110,bills
WATER BILL PAYMENT 2410,bills
JIO RECHARGE PAYMENT 17758,bills
WATER BILL PAYMENT 15815,bills
WATER BILL PAYMENT 1503,bills
AIRTEL BILL PAYMENT 6005,bills
BSNL PAYMENT PAYMENT 7031,bills
ELECTRICITY BILL PAYMENT 8875,bills
GAS BILL MGL PAYMENT 5783,bills
JIO RECHARGE PAYMENT 11975,bills
WATER BILL PAYMENT 12217,bills
GAS BILL MGL PAYMENT 23389,bills
BSNL PAYMENT PAYMENT 2252,bills
BSNL PAYMENT PAYMENT 16164,bills
GAS BILL MGL PAYMENT 19437,bills
WATER BILL PAYMENT 7037,bills
AIRTEL BILL PAYMENT 24182,bills
JIO RECHARGE PAYMENT 9565,bills
BSNL PAYMENT PAYMENT 3944,bills
ELECTRICITY BILL PAYMENT 22380,bills
AIRTEL BILL PAYMENT 9255,bills
ELECTRICITY BILL PAYMENT 22647,bills
AIRTEL BILL PAYMENT 16693,bills
WATER BILL PAYMENT 17036,bills
JIO RECHARGE PAYMENT 6214,bills
GAS BILL MGL PAYMENT 12589,bills
AIRTEL BILL PAYMENT 6107,bills
BSNL PAYMENT PAYMENT 22545,bills
JIO RECHARGE PAYMENT 19389,bills
BSNL PAYMENT PAYMENT 15902,bills
WATER BILL PAYMENT 16743,bills
ELECTRICITY BILL PAYMENT 21906,bills
ELECTRICITY BILL PAYMENT 24706,bills
WATER BILL PAYMENT 4359,bills
WATER BILL PAYMENT 20499,bills
WATER BILL PAYMENT 24753,bills
BSNL PAYMENT PAYMENT 6483,bills
WATER BILL PAYMENT 24073,bills
GAS BILL MGL PAYMENT 23022,bills
WATER BILL PAYMENT 24840,bills
BSNL PAYMENT PAYMENT 17737,bills
BSNL PAYMENT PAYMENT 19587,bills
NETFLIX PAYMENT 14370,entertainment
SPOTIFY PAYMENT 2078,entertainment
NETFLIX PAYMENT 2649,entertainment
PRIME VIDEO PAYMENT 1034,entertainment
PVR CINEMA PAYMENT 10952,entertainment
PRIME VIDEO PAYMENT 15852,entertainment
PVR CINEMA PAYMENT 12301,entertainment
SPOTIFY PAYMENT 24781,entertainment
SPOTIFY PAYMENT 20682,entertainment
PRIME VIDEO PAYMENT 13611,entertainment
HOTSTAR PAYMENT 604,entertainment
SPOTIFY PAYMENT 7296,entertainment
PRIME VIDEO PAYMENT 11533,entertainment
HOTSTAR PAYMENT 14811,entertainment
SPOTIFY PAYMENT 24702,entertainment
BOOKMYSHOW PAYMENT 12639,entertainment
SPOTIFY PAYMENT 18694,entertainment
NETFLIX PAYMENT 18043,entertainment
HOTSTAR PAYMENT 22079,entertainment
NETFLIX PAYMENT 11763,entertainment
NETFLIX PAYMENT 14689,entertainment
HOTSTAR PAYMENT 3902,entertainment
BOOKMYSHOW PAYMENT 17701,entertainment
PVR CINEMA PAYMENT 11170,entertainment
BOOKMYSHOW PAYMENT 3777,entertainment
PRIME VIDEO PAYMENT 19892,entertainment
SPOTIFY PAYMENT 16159,entertainment
PVR CINEMA PAYMENT 6327,entertainment
NETFLIX PAYMENT 8624,entertainment
PRIME VIDEO PAYMENT 19834,entertainment
PVR CINEMA PAYMENT 24006,entertainment
PRIME VIDEO PAYMENT 13998,entertainment
BOOKMYSHOW PAYMENT 8224,entertainment
BOOKMYSHOW PAYMENT 9835,entertainment
PVR CINEMA PAYMENT 13023,entertainment
PRIME VIDEO PAYMENT 22700,entertainment
PVR CINEMA PAYMENT 21371,entertainment
BOOKMYSHOW PAYMENT 11487,entertainment
PRIME VIDEO PAYMENT 20235,entertainment
HOTSTAR PAYMENT 3053,entertainment
PRIME VIDEO PAYMENT 18061,entertainment
SPOTIFY PAYMENT 11815,entertainment
BOOKMYSHOW PAYMENT 24831,entertainment
HOTSTAR PAYMENT 13243,entertainment
HOTSTAR PAYMENT 22871,entertainment
SPOTIFY PAYMENT 10643,entertainment
SPOTIFY PAYMENT 7485,entertainment
PRIME VIDEO PAYMENT 18209,entertainment
NETFLIX PAYMENT 20455,entertainment
PVR CINEMA PAYMENT 9053,entertainment
BOOKMYSHOW PAYMENT 20643,entertainment
BOOKMYSHOW PAYMENT 12397,entertainment
HOTSTAR PAYMENT 17435,entertainment
NETFLIX PAYMENT 11316,entertainment
SPOTIFY PAYMENT 12212,entertainment
BOOKMYSHOW PAYMENT 18721,entertainment
PRIME VIDEO PAYMENT 5361,entertainment
BOOKMYSHOW PAYMENT 7847,entertainment
SPOTIFY PAYMENT 16252,entertainment
PVR CINEMA PAYMENT 18756,entertainment
PRIME VIDEO PAYMENT 3553,entertainment
NETFLIX PAYMENT 9990,entertainment
BOOKMYSHOW PAYMENT 9763,entertainment
BOOKMYSHOW PAYMENT 5380,entertainment
BOOKMYSHOW PAYMENT 9246,entertainment
PVR CINEMA PAYMENT 17037,entertainment
PVR CINEMA PAYMENT 5392,entertainment
HOTSTAR PAYMENT 8539,entertainment
PVR CINEMA PAYMENT 10065,entertainment
HOTSTAR PAYMENT 587,entertainment
PVR CINEMA PAYMENT 13213,entertainment
PVR CINEMA PAYMENT 5587,entertainment
BOOKMYSHOW PAYMENT 15428,entertainment
NETFLIX PAYMENT 11355,entertainment
PRIME VIDEO PAYMENT 3107,entertainment
BOOKMYSHOW PAYMENT 17847,entertainment
PVR CINEMA PAYMENT 23035,entertainment
PRIME VIDEO PAYMENT 11875,entertainment
NETFLIX PAYMENT 6336,entertainment
HOTSTAR PAYMENT 11059,entertainment
HOTSTAR PAYMENT 10957,entertainment
HOTSTAR PAYMENT 17542,entertainment
PVR CINEMA PAYMENT 24975,entertainment
PVR CINEMA PAYMENT 1455,entertainment
PVR CINEMA PAYMENT 24712,entertainment
PVR CINEMA PAYMENT 3368,entertainment
NETFLIX PAYMENT 20666,entertainment
PVR CINEMA PAYMENT 18519,entertainment
BOOKMYSHOW PAYMENT 4236,entertainment
HOTSTAR PAYMENT 4388,entertainment
PRIME VIDEO PAYMENT 8249,entertainment
SPOTIFY PAYMENT 18672,entertainment
HOTSTAR PAYMENT 23452,entertainment
PRIME VIDEO PAYMENT 6014,entertainment
NETFLIX PAYMENT 3030,entertainment
PRIME VIDEO PAYMENT 16287,entertainment
PVR CINEMA PAYMENT 14382,entertainment
NETFLIX PAYMENT 15120,entertainment
PRIME VIDEO PAYMENT 583,entertainment
HOTSTAR PAYMENT 16720,entertainment
BOOKMYSHOW PAYMENT 17033,entertainment
SPOTIFY PAYMENT 10176,entertainment
NETFLIX PAYMENT 8847,entertainment
BOOKMYSHOW PAYMENT 22672,entertainment
SPOTIFY PAYMENT 16072,entertainment
PVR CINEMA PAYMENT 19350,entertainment
BOOKMYSHOW PAYMENT 8580,entertainment
PRIME VIDEO PAYMENT 20386,entertainment
NETFLIX PAYMENT 24460,entertainment
PVR CINEMA PAYMENT 11294,entertainment
SPOTIFY PAYMENT 4805,entertainment
PVR CINEMA PAYMENT 24000,entertainment
BOOKMYSHOW PAYMENT 3122,entertainment
NETFLIX PAYMENT 1163,entertainment
NETFLIX PAYMENT 21975,entertainment
BOOKMYSHOW PAYMENT 7017,entertainment
SPOTIFY PAYMENT 16154,entertainment
SPOTIFY PAYMENT 3472,entertainment
SPOTIFY PAYMENT 21461,entertainment
PVR CINEMA PAYMENT 12013,entertainment
NETFLIX PAYMENT 12604,entertainment
SPOTIFY PAYMENT 14575,entertainment
SPOTIFY PAYMENT 10116,entertainment
PVR CINEMA PAYMENT 12218,entertainment
NETFLIX PAYMENT 13796,entertainment
NETFLIX PAYMENT 23697,entertainment
PRIME VIDEO PAYMENT 6805,entertainment
HOTSTAR PAYMENT 9821,entertainment
BOOKMYSHOW PAYMENT 1662,entertainment
HOTSTAR PAYMENT 1922,entertainment
BOOKMYSHOW PAYMENT 4299,entertainment
SPOTIFY PAYMENT 15572,entertainment
PVR CINEMA PAYMENT 17953,entertainment
PRIME VIDEO PAYMENT 14125,entertainment
PVR CINEMA PAYMENT 17110,entertainment
BOOKMYSHOW PAYMENT 8797,entertainment
HOTSTAR PAYMENT 3525,entertainment
BOOKMYSHOW PAYMENT 15351,entertainment
HOTSTAR PAYMENT 8053,entertainment
BOOKMYSHOW PAYMENT 3045,entertainment
PRIME VIDEO PAYMENT 10864,entertainment
PRIME VIDEO PAYMENT 3644,entertainment
HOTSTAR PAYMENT 19978,entertainment
HOTSTAR PAYMENT 17202,entertainment
NETFLIX PAYMENT 23624,entertainment
PVR CINEMA PAYMENT 10534,entertainment
PVR CINEMA PAYMENT 17396,entertainment
PRIME VIDEO PAYMENT 4896,entertainment
BOOKMYSHOW PAYMENT 79,entertainment
SPOTIFY PAYMENT 23227,entertainment
UPGRAD PAYMENT 16881,education
UNACADEMY PAYMENT 24508,education
UPGRAD PAYMENT 20273,education
COURSERA PAYMENT 590,education
UNACADEMY PAYMENT 9949,education
PW PAYMENT 7074,education
PW PAYMENT 13600,education
UPGRAD PAYMENT 21457,education
UNACADEMY PAYMENT 20683,education
UPGRAD PAYMENT 16612,education
BYJU PAYMENT 6725,education
UNACADEMY PAYMENT 2356,education
BYJU PAYMENT 17366,education
UDEMY PAYMENT 9081,education
BYJU PAYMENT 17356,education
VEDANTU PAYMENT 24205,education
VEDANTU PAYMENT 18321,education
UPGRAD PAYMENT 10728,education
BYJU PAYMENT 16629,education
UNACADEMY PAYMENT 1571,education
UDEMY PAYMENT 17476,education
PW PAYMENT 12714,education
PW PAYMENT 17295,education
PW PAYMENT 22656,education
BYJU PAYMENT 22210,education
PW PAYMENT 21704,education
UNACADEMY PAYMENT 15166,education
UPGRAD PAYMENT 18368,education
COURSERA PAYMENT 17649,education
UPGRAD PAYMENT 8603,education
PW PAYMENT 2726,education
BYJU PAYMENT 16519,education
VEDANTU PAYMENT 5237,education
PW PAYMENT 24150,education
BYJU PAYMENT 8699,education
UNACADEMY PAYMENT 17848,education
UNACADEMY PAYMENT 3323,education
VEDANTU PAYMENT 10772,education
BYJU PAYMENT 19498,education
COURSERA PAYMENT 1822,education
VEDANTU PAYMENT 1068,education
PW PAYMENT 6327,education
PW PAYMENT 820,education
PW PAYMENT 22241,education
UNACADEMY PAYMENT 2848,education
VEDANTU PAYMENT 23115,education
VEDANTU PAYMENT 17714,education
PW PAYMENT 2809,education
UDEMY PAYMENT 16626,education
PW PAYMENT 14227,education
COURSERA PAYMENT 884,education
BYJU PAYMENT 240,education
VEDANTU PAYMENT 20503,education
BYJU PAYMENT 4550,education
UNACADEMY PAYMENT 13061,education
VEDANTU PAYMENT 14737,education
UPGRAD PAYMENT 4085,education
UDEMY PAYMENT 24114,education
UNACADEMY PAYMENT 3634,education
UDEMY PAYMENT 4904,education
BYJU PAYMENT 6034,education
UPGRAD PAYMENT 155,education
UDEMY PAYMENT 6958,education
UPGRAD PAYMENT 19109,education
BYJU PAYMENT 353,education
BYJU PAYMENT 510,education
UDEMY PAYMENT 10490,education
BYJU PAYMENT 16050,education
COURSERA PAYMENT 17410,education
UPGRAD PAYMENT 15684,education
UPGRAD PAYMENT 24143,education
UNACADEMY PAYMENT 8040,education
COURSERA PAYMENT 15062,education
UPGRAD PAYMENT 15849,education
BYJU PAYMENT 6428,education
BYJU PAYMENT 22429,education
BYJU PAYMENT 13565,education
COURSERA PAYMENT 10645,education
UDEMY PAYMENT 2038,education
UDEMY PAYMENT 9321,education
UPGRAD PAYMENT 1748,education
BYJU PAYMENT 18490,education
COURSERA PAYMENT 10672,education
PW PAYMENT 824,education
UPGRAD PAYMENT 6591,education
UPGRAD PAYMENT 1734,education
VEDANTU PAYMENT 5552,education
VEDANTU PAYMENT 18441,education
UDEMY PAYMENT 13993,education
UDEMY PAYMENT 24311,education
UDEMY PAYMENT 8221,education
BYJU PAYMENT 17447,education
UPGRAD PAYMENT 119,education
UDEMY PAYMENT 10019,education
VEDANTU PAYMENT 13508,education
UDEMY PAYMENT 16390,education
UPGRAD PAYMENT 15575,education
UDEMY PAYMENT 480,education
VEDANTU PAYMENT 15317,education
BYJU PAYMENT 11827,education
UPGRAD PAYMENT 7422,education
UDEMY PAYMENT 17783,education
UDEMY PAYMENT 13042,education
VEDANTU PAYMENT 8035,education
PW PAYMENT 22001,education
PW PAYMENT 20819,education
PW PAYMENT 19434,education
BYJU PAYMENT 10127,education
BYJU PAYMENT 13293,education
PW PAYMENT 7326,education
BYJU PAYMENT 13414,education
BYJU PAYMENT 6861,education
UDEMY PAYMENT 10097,education
UNACADEMY PAYMENT 11001,education
BYJU PAYMENT 7432,education
UDEMY PAYMENT 17849,education
UNACADEMY PAYMENT 24448,education
UPGRAD PAYMENT 4954,education
UNACADEMY PAYMENT 10625,education
VEDANTU PAYMENT 24759,education
UPGRAD PAYMENT 3140,education
UDEMY PAYMENT 12464,education
COURSERA PAYMENT 13143,education
UPGRAD PAYMENT 13553,education
PW PAYMENT 2818,education
COURSERA PAYMENT 17177,education
UPGRAD PAYMENT 11899,education
VEDANTU PAYMENT 2933,education
UPGRAD PAYMENT 12908,education
UPGRAD PAYMENT 2063,education
BYJU PAYMENT 23308,education
UPGRAD PAYMENT 24134,education
UPGRAD PAYMENT 5933,education
PW PAYMENT 5147,education
VEDANTU PAYMENT 543,education
UNACADEMY PAYMENT 13618,education
UNACADEMY PAYMENT 13642,education
COURSERA PAYMENT 7922,education
BYJU PAYMENT 21559,education
VEDANTU PAYMENT 23431,education
VEDANTU PAYMENT 22501,education
VEDANTU PAYMENT 8430,education
UPGRAD PAYMENT 7128,education
PW PAYMENT 23744,education
PW PAYMENT 6088,education
PW PAYMENT 2602,education
COURSERA PAYMENT 16612,education
VEDANTU PAYMENT 7293,education
UPGRAD PAYMENT 16055,education
COURSERA PAYMENT 6513,education
POS PURCHASE PAYMENT 11015,others
POS PURCHASE PAYMENT 3228,others
MISC PAYMENT PAYMENT 21549,others
MISC PAYMENT PAYMENT 11313,others
ONLINE TRANSFER PAYMENT 12460,others
MISC PAYMENT PAYMENT 11036,others
ONLINE TRANSFER PAYMENT 14407,others
ONLINE TRANSFER PAYMENT 5953,others
POS PURCHASE PAYMENT 7007,others
ONLINE TRANSFER PAYMENT 20303,others
ONLINE TRANSFER PAYMENT 24498,others
MISC PAYMENT PAYMENT 13694,others
ONLINE TRANSFER PAYMENT 24979,others
CASH WITHDRAWAL PAYMENT 4922,others
CASH WITHDRAWAL PAYMENT 15622,others
POS PURCHASE PAYMENT 4650,others
MISC PAYMENT PAYMENT 12499,others
ONLINE TRANSFER PAYMENT 18728,others
CASH WITHDRAWAL PAYMENT 17759,others
CASH WITHDRAWAL PAYMENT 1634,others
MISC PAYMENT PAYMENT 13240,others
CASH WITHDRAWAL PAYMENT 20259,others
CASH WITHDRAWAL PAYMENT 14924,others
MISC PAYMENT PAYMENT 186,others
MISC PAYMENT PAYMENT 581,others
CASH WITHDRAWAL PAYMENT 11981,others
POS PURCHASE PAYMENT 9603,others
POS PURCHASE PAYMENT 19895,others
ONLINE TRANSFER PAYMENT 343,others
POS PURCHASE PAYMENT 3690,others
POS PURCHASE PAYMENT 1957,others
CASH WITHDRAWAL PAYMENT 12392,others
POS PURCHASE PAYMENT 8881,others
POS PURCHASE PAYMENT 4126,others
CASH WITHDRAWAL PAYMENT 7523,others
ONLINE TRANSFER PAYMENT 19183,others
CASH WITHDRAWAL PAYMENT 4364,others
ONLINE TRANSFER PAYMENT 11791,others
POS PURCHASE PAYMENT 8549,others
CASH WITHDRAWAL PAYMENT 17320,others
POS PURCHASE PAYMENT 5470,others
CASH WITHDRAWAL PAYMENT 1245,others
MISC PAYMENT PAYMENT 6640,others
ONLINE TRANSFER PAYMENT 20474,others
ONLINE TRANSFER PAYMENT 14625,others
CASH WITHDRAWAL PAYMENT 1746,others
ONLINE TRANSFER PAYMENT 21742,others
MISC PAYMENT PAYMENT 14401,others
CASH WITHDRAWAL PAYMENT 7738,others
ONLINE TRANSFER PAYMENT 24897,others
ONLINE TRANSFER PAYMENT 15169,others
MISC PAYMENT PAYMENT 2825,others
CASH WITHDRAWAL PAYMENT 2086,others
MISC PAYMENT PAYMENT 12585,others
CASH WITHDRAWAL PAYMENT 4497,others
ONLINE TRANSFER PAYMENT 12529,others
POS PURCHASE PAYMENT 4479,others
CASH WITHDRAWAL PAYMENT 20900,others
CASH WITHDRAWAL PAYMENT 12405,others
CASH WITHDRAWAL PAYMENT 21444,others
POS PURCHASE PAYMENT 10339,others
CASH WITHDRAWAL PAYMENT 20537,others
ONLINE TRANSFER PAYMENT 4301,others
POS PURCHASE PAYMENT 23260,others
CASH WITHDRAWAL PAYMENT 15664,others
MISC PAYMENT PAYMENT 624,others
CASH WITHDRAWAL PAYMENT 3134,others
POS PURCHASE PAYMENT 2237,others
CASH WITHDRAWAL PAYMENT 8413,others
POS PURCHASE PAYMENT 20815,others
MISC PAYMENT PAYMENT 21575,others
POS PURCHASE PAYMENT 23799,others
POS PURCHASE PAYMENT 18281,others
ONLINE TRANSFER PAYMENT 22816,others
MISC PAYMENT PAYMENT 13341,others
MISC PAYMENT PAYMENT 8539,others
POS PURCHASE PAYMENT 4555,others
POS PURCHASE PAYMENT 878,others
MISC PAYMENT PAYMENT 16144,others
POS PURCHASE PAYMENT 5090,others
CASH WITHDRAWAL PAYMENT 13730,others
MISC PAYMENT PAYMENT 7516,others
ONLINE TRANSFER PAYMENT 23301,others
ONLINE TRANSFER PAYMENT 3610,others
POS PURCHASE PAYMENT 8815,others
CASH WITHDRAWAL PAYMENT 20709,others
ONLINE TRANSFER PAYMENT 16786,others
ONLINE TRANSFER PAYMENT 6764,others
ONLINE TRANSFER PAYMENT 20344,others
MISC PAYMENT PAYMENT 20962,others
POS PURCHASE PAYMENT 2566,others
CASH WITHDRAWAL PAYMENT 16424,others
POS PURCHASE PAYMENT 16941,others
MISC PAYMENT PAYMENT 4795,others
POS PURCHASE PAYMENT 13896,others
POS PURCHASE PAYMENT 8199,others
ONLINE TRANSFER PAYMENT 20978,others
ONLINE TRANSFER PAYMENT 21952,others
CASH WITHDRAWAL PAYMENT 488,others
ONLINE TRANSFER PAYMENT 6347,others
ONLINE TRANSFER PAYMENT 4537,others
CASH WITHDRAWAL PAYMENT 5162,others
CASH WITHDRAWAL PAYMENT 19773,others
POS PURCHASE PAYMENT 7026,others
CASH WITHDRAWAL PAYMENT 23913,others
POS PURCHASE PAYMENT 1573,others
ONLINE TRANSFER PAYMENT 7229,others
ONLINE TRANSFER PAYMENT 16390,others
POS PURCHASE PAYMENT 12491,others
MISC PAYMENT PAYMENT 20745,others
POS PURCHASE PAYMENT 18678,others
CASH WITHDRAWAL PAYMENT 18718,others
ONLINE TRANSFER PAYMENT 22465,others
CASH WITHDRAWAL PAYMENT 24098,others
POS PURCHASE PAYMENT 1476,others
POS PURCHASE PAYMENT 13867,others
ONLINE TRANSFER PAYMENT 15181,others
ONLINE TRANSFER PAYMENT 5375,others
CASH WITHDRAWAL PAYMENT 19645,others
POS PURCHASE PAYMENT 11736,others
POS PURCHASE PAYMENT 16602,others
POS PURCHASE PAYMENT 21916,others
MISC PAYMENT PAYMENT 14832,others
MISC PAYMENT PAYMENT 23656,others
MISC PAYMENT PAYMENT 9105,others
CASH WITHDRAWAL PAYMENT 9237,others
ONLINE TRANSFER PAYMENT 15515,others
CASH WITHDRAWAL PAYMENT 13108,others
MISC PAYMENT PAYMENT 13961,others
CASH WITHDRAWAL PAYMENT 16376,others
POS PURCHASE PAYMENT 4341,others
POS PURCHASE PAYMENT 20294,others
MISC PAYMENT PAYMENT 21001,others
POS PURCHASE PAYMENT 11205,others
ONLINE TRANSFER PAYMENT 8224,others
CASH WITHDRAWAL PAYMENT 20989,others
POS PURCHASE PAYMENT 7807,others
ONLINE TRANSFER PAYMENT 11594,others
POS PURCHASE PAYMENT 1635,others
POS PURCHASE PAYMENT 11598,others
ONLINE TRANSFER PAYMENT 24116,others
CASH WITHDRAWAL PAYMENT 23911,others
POS PURCHASE PAYMENT 14247,others
MISC PAYMENT PAYMENT 16802,others
POS PURCHASE PAYMENT 5846,others
CASH WITHDRAWAL PAYMENT 468,others
POS PURCHASE PAYMENT 1273,others
POS PURCHASE PAYMENT 7526,others
POS PURCHASE PAYMENT 15277,others
MISC PAYMENT PAYMENT 23009,others
ZOMATO FOOD ORDER 249,food
ZOMATO MEAL DELIVERY 320,food
ZOMATO DINING ORDER 410,food
ZOMATO BURGER PURCHASE 199,food
ZOMATO PIZZA ORDER 499,food
ZOMATO RESTAURANT PAYMENT 280,food
ZOMATO CAFE ORDER 210,food
ZOMATO TAKEAWAY PAYMENT 350,food
ZOMATO BIRYANI ORDER 450,food
ZOMATO FOOD BILL 399,food
SWIGGY FOOD DELIVERY 230,food
SWIGGY MEAL ORDER 310,food
SWIGGY RESTAURANT DELIVERY 299,food
SWIGGY TAKEAWAY ORDER 199,food
SWIGGY SNACK ORDER 180,food
SWIGGY DINING PAYMENT 240,food
SWIGGY HOME DELIVERY 350,food
SWIGGY BREAKFAST ORDER 180,food
SWIGGY FOOD PURCHASE 320,food
SWIGGY FOOD BILL 299,food
MCDONALDS BURGER MEAL 250,food
MCDONALDS FOOD PAYMENT 220,food
MCDONALDS CHICKEN MEAL 340,food
MCDONALDS HAPPY MEAL 280,food
MCDONALDS ORDER 199,food
MCDONALDS DRIVE THRU 330,food
MCDONALDS TAKEAWAY 259,food
MCDONALDS DINING PAYMENT 399,food
MCDONALDS BREAKFAST MEAL 190,food
MCDONALDS FOOD BILL 210,food
DOMINOS PIZZA ORDER 550,food
DOMINOS CHEESE BURST 499,food
DOMINOS GARLIC BREAD ORDER 180,food
DOMINOS PIZZA PAYMENT 430,food
DOMINOS TAKEAWAY 350,food
DOMINOS DELIVERY 420,food
DOMINOS MEAL COMBO 499,food
DOMINOS VEG PIZZA ORDER 399,food
DOMINOS BILL PAYMENT 450,food
DOMINOS PASTA ORDER 280,food
KFC MEAL ORDER 320,food
KFC CHICKEN BUCKET 650,food
KFC FOOD PURCHASE 420,food
KFC ZINGER MEAL 259,food
KFC DINING PAYMENT 340,food
KFC DELIVERY ORDER 399,food
KFC TAKEAWAY ORDER 210,food
KFC LUNCH MEAL 380,food
KFC DINNER COMBO 520,food
KFC FOOD BILL 289,food
PIZZA HUT ORDER 499,food
PIZZA HUT PASTA ORDER 350,food
PIZZA HUT CHEESE PIZZA 420,food
PIZZA HUT DELIVERY 399,food
PIZZA HUT RESTAURANT PAYMENT 520,food
PIZZA HUT TAKEAWAY 350,food
PIZZA HUT FOOD BILL 299,food
PIZZA HUT MEAL ORDER 380,food
PIZZA HUT DINE IN PAYMENT 499,food
PIZZA HUT SIDE ORDER 180,food
CCD CAFE PAYMENT 299,food
CCD COFFEE ORDER 199,food
CCD SANDWICH MEAL 250,food
CCD BREAKFAST ORDER 180,food
CCD DINING PAYMENT 320,food
CCD FOOD BILL 260,food
CCD CAFE PURCHASE 210,food
CCD BEVERAGE PAYMENT 150,food
CCD DRINKS ORDER 180,food
CCD ORDER 200,food
STARBUCKS FOOD PAYMENT 450,food
STARBUCKS BREAKFAST ORDER 320,food
STARBUCKS COFFEE + SNACK 380,food
STARBUCKS DINING ORDER 450,food
STARBUCKS SANDWICH PAYMENT 299,food
STARBUCKS LATTE + MEAL 410,food
STARBUCKS TAKEAWAY ORDER 350,food
STARBUCKS FOOD PURCHASE 260,food
STARBUCKS BILL PAYMENT 490,food
STARBUCKS ORDER 300,food
RESTAURANT BILL PAYMENT 520,food
RESTAURANT DINING ORDER 630,food
RESTAURANT MEAL PAYMENT 450,food
RESTAURANT FOOD ORDER 380,food
RESTAURANT LUNCH PAYMENT 399,food
RESTAURANT DINNER PAYMENT 580,food
RESTAURANT TAKEAWAY BILL 270,food
RESTAURANT HOME DELIVERY 310,food
RESTAURANT ORDER 350,food
RESTAURANT FOOD BILL 340,food
BIRYANI BLUES MEAL 370,food
BIRYANI BLUES ORDER 410,food
BIRYANI BLUES DELIVERY 390,food
BIRYANI BLUES COMBO 450,food
BIRYANI BLUES FOOD BILL 320,food
BIRYANI BLUES TAKEAWAY 299,food
BIRYANI BLUES BIRYANI ORDER 420,food
BIRYANI BLUES MEAL COMBO 520,food
BIRYANI BLUES PAYMENT 310,food
BIRYANI BLUES ORDER PAYMENT 280,food